{"timers": {"training_iteration": 4.924941229983233, "restore_env_runners": 1.4365999959409237e-05, "training_step": 4.924802983063273, "env_runner_sampling_timer": 0.7163603319786489, "learner_update_timer": 4.198957248940133, "synch_weights": 0.0019044280052185059}, "env_runners": {"env_to_module_connector": {"connector_pipeline_timer": 8.53472208078558e-05, "timers": {"connectors": {"add_observations_from_episodes_to_batch": 5.858265149601991e-06, "batch_individual_items": 1.3097954800248717e-05, "numpy_to_tensor": 2.4251881642418568e-05, "add_time_dim_to_batch_and_zero_pad": 4.479500936194655e-06, "add_states_from_episodes_to_batch": 2.4645478961105284e-06}}}, "module_to_env_connector": {"timers": {"connectors": {"get_actions": 0.00012901833887324268, "tensor_to_numpy": 4.694342717727356e-05, "remove_single_ts_time_rank_from_batch": 1.3211330661820344e-06, "listify_data_for_vector_env": 1.9844746496998654e-05, "normalize_and_clip_actions": 3.280069955952488e-05, "un_batch_to_individual_items": 1.153966428430779e-05}}, "connector_pipeline_timer": 0.0002877332728876273}, "agent_episode_returns_mean": {"default_agent": 51.10000000000001}, "episode_return_min": 50.0, "num_episodes": 1577, "weights_seq_no": 0.0, "num_agent_steps_sampled": {"default_agent": 4096}, "num_module_steps_sampled_lifetime": {"default_policy": 4096}, "env_reset_timer": 0.0001650358462939039, "episode_len_max": 8, "env_to_module_sum_episodes_length_in": 1.833164630425559, "rlmodule_inference_timer": 8.976599978731264e-05, "time_between_sampling": 0.035581026977467504, "module_episode_returns_mean": {"default_policy": 51.10000000000001}, "num_env_steps_sampled": 4096, "num_episodes_lifetime": 1577, "num_module_steps_sampled": {"default_policy": 4096}, "episode_duration_sec_mean": 0.0010784598016471136, "env_to_module_sum_episodes_length_out": 1.833164630425559, "sample": 0.10368761034449024, "episode_return_mean": 51.10000000000001, "num_agent_steps_sampled_lifetime": {"default_agent": 4096}, "episode_len_mean": 2.40625, "episode_return_max": 51.8, "episode_len_min": 1, "env_step_timer": 3.543819446087424e-05, "num_env_steps_sampled_lifetime": 4096, "num_env_steps_sampled_lifetime_throughput": NaN}, "learners": {"__all_modules__": {"learner_connector": {"timers": {"connectors": {"add_time_dim_to_batch_and_zero_pad": 1.976697240024805e-05, "add_states_from_episodes_to_batch": 5.5800192058086395e-06, "add_observations_from_episodes_to_batch": 0.007493218989111483, "general_advantage_estimation": 0.020732332952320576, "batch_individual_items": 0.036260783090256155, "add_one_ts_to_episodes_and_truncate": 0.04900942195672542, "add_columns_from_episodes_to_train_batch": 0.05111290095373988, "numpy_to_tensor": 0.00014271691907197237}}, "connector_pipeline_timer": 0.16524536698125303}, "learner_connector_sum_episodes_length_out": 5690, "num_trainable_parameters": 134148, "learner_connector_sum_episodes_length_in": 4096, "num_env_steps_trained_lifetime": 7590460, "num_env_steps_trained": 7590460, "num_non_trainable_parameters": 0, "num_module_steps_trained_lifetime": 170752, "num_module_steps_trained": 170752, "num_env_steps_trained_lifetime_throughput": NaN}, "default_policy": {"mean_kl_loss": 0.014594205655157566, "entropy": 1.0957465171813965, "weights_seq_no": 1.0, "vf_loss_unclipped": 2158.596923828125, "gradients_default_optimizer_global_norm": 1.931885838508606, "diff_num_grad_updates_vs_sampler_policy": 1.0, "policy_loss": -0.601970911026001, "curr_entropy_coeff": 0.0, "vf_loss": 9.92833423614502, "num_module_steps_trained_lifetime": 170752, "default_optimizer_learning_rate": 0.0003, "num_module_steps_trained": 170752, "curr_kl_coeff": 0.20000000298023224, "num_trainable_parameters": 134148, "vf_explained_var": 4.649162292480469e-06, "total_loss": 9.329282760620117, "module_train_batch_size_mean": 128.0}}, "num_training_step_calls_per_iteration": 1, "num_env_steps_sampled_lifetime": 4096, "fault_tolerance": {"num_healthy_workers": 8, "num_remote_worker_restarts": 0}, "env_runner_group": {"actor_manager_num_outstanding_async_reqs": 0}, "num_env_steps_sampled_lifetime_throughput": NaN, "done": true, "training_iteration": 1, "trial_id": "10ec1_00000", "date": "2025-05-17_14-59-27", "timestamp": 1747461567, "time_this_iter_s": 4.930217266082764, "time_total_s": 4.930217266082764, "pid": 1498496, "hostname": "localhost.localdomain", "node_ip": "10.139.239.36", "config": {"exploration_config": {}, "extra_python_environs_for_driver": {}, "extra_python_environs_for_worker": {}, "placement_strategy": "PACK", "num_gpus": 1, "_fake_gpus": false, "num_cpus_for_main_process": 1, "eager_tracing": true, "eager_max_retraces": 20, "tf_session_args": {"intra_op_parallelism_threads": 2, "inter_op_parallelism_threads": 2, "gpu_options": {"allow_growth": true}, "log_device_placement": false, "device_count": {"CPU": 1}, "allow_soft_placement": true}, "local_tf_session_args": {"intra_op_parallelism_threads": 8, "inter_op_parallelism_threads": 8}, "torch_compile_learner": false, "torch_compile_learner_what_to_compile": "forward_train", "torch_compile_learner_dynamo_backend": "inductor", "torch_compile_learner_dynamo_mode": null, "torch_compile_worker": false, "torch_compile_worker_dynamo_backend": "onnxrt", "torch_compile_worker_dynamo_mode": null, "torch_ddp_kwargs": {}, "torch_skip_nan_gradients": false, "env": "MatmulEnv-v0", "env_config": {}, "observation_space": null, "action_space": null, "clip_rewards": null, "normalize_actions": true, "clip_actions": false, "_is_atari": null, "disable_env_checking": true, "render_env": false, "action_mask_key": "action_mask", "env_runner_cls": null, "num_env_runners": 8, "create_local_env_runner": true, "num_envs_per_env_runner": 1, "gym_env_vectorize_mode": "SYNC", "num_cpus_per_env_runner": 1, "num_gpus_per_env_runner": 0, "custom_resources_per_env_runner": {}, "validate_env_runners_after_construction": true, "episodes_to_numpy": true, "max_requests_in_flight_per_env_runner": 1, "sample_timeout_s": 60.0, "_env_to_module_connector": null, "add_default_connectors_to_env_to_module_pipeline": true, "_module_to_env_connector": null, "add_default_connectors_to_module_to_env_pipeline": true, "merge_env_runner_states": "training_only", "broadcast_env_runner_states": true, "episode_lookback_horizon": 1, "rollout_fragment_length": 128, "batch_mode": "truncate_episodes", "compress_observations": false, "remote_worker_envs": false, "remote_env_batch_wait_ms": 0, "enable_tf1_exec_eagerly": false, "sample_collector": "<class 'ray.rllib.evaluation.collectors.simple_list_collector.SimpleListCollector'>", "preprocessor_pref": "deepmind", "observation_filter": "NoFilter", "update_worker_filter_stats": true, "use_worker_filter_stats": true, "sampler_perf_stats_ema_coef": null, "num_learners": 0, "num_gpus_per_learner": 0, "num_cpus_per_learner": "auto", "num_aggregator_actors_per_learner": 0, "max_requests_in_flight_per_aggregator_actor": 3, "local_gpu_idx": 0, "max_requests_in_flight_per_learner": 3, "gamma": 0.99, "lr": 0.0003, "grad_clip": null, "grad_clip_by": "global_norm", "_train_batch_size_per_learner": null, "train_batch_size": 4096, "num_epochs": 30, "minibatch_size": 128, "shuffle_batch_per_epoch": true, "model": {"fcnet_hiddens": [256, 256], "fcnet_activation": "tanh", "fcnet_weights_initializer": null, "fcnet_weights_initializer_config": null, "fcnet_bias_initializer": null, "fcnet_bias_initializer_config": null, "conv_filters": null, "conv_activation": "relu", "conv_kernel_initializer": null, "conv_kernel_initializer_config": null, "conv_bias_initializer": null, "conv_bias_initializer_config": null, "conv_transpose_kernel_initializer": null, "conv_transpose_kernel_initializer_config": null, "conv_transpose_bias_initializer": null, "conv_transpose_bias_initializer_config": null, "post_fcnet_hiddens": [], "post_fcnet_activation": "relu", "post_fcnet_weights_initializer": null, "post_fcnet_weights_initializer_config": null, "post_fcnet_bias_initializer": null,